slug,name,aliases,strain_type,lineage,dominant_terpene,aroma_notes,flavor_notes,terpenes,dominant_cannabinoid,potency_note,bud_structure,origin,summary,sources,confidence
afghani,Afghani,afghan|afghan kush,indica,,myrcene,earthy|sweet|spicy,earthy|hash|sweet,myrcene|caryophyllene|pinene,thc,classic resin-heavy indica,dense,Afghanistan (landrace),"A foundational landrace indica named for its region of origin, prized for heavy resin and a sweet, earthy hash aroma.",leafly|wikileaf,0.95
hindu kush,Hindu Kush,hindu kush mountains,indica,,limonene,earthy|sweet|sandalwood,earthy|sweet|hash,limonene|myrcene|caryophyllene,thc,classic landrace indica,dense,Hindu Kush mountains (landrace),"A landrace indica from the Hindu Kush range with a sweet, earthy sandalwood aroma and a thick coat of trichomes.",leafly|wikileaf,0.95
thai,Thai,thai stick,sativa,,,citrus|earthy|spicy,citrus|earthy,limonene|pinene,thc,classic landrace sativa,wispy,Thailand (landrace),"A landrace sativa from Thailand, a parent of many classic crosses, with bright citrus and earthy notes.",leafly|seedfinder,0.9
durban poison,Durban Poison,durban,sativa,African (landrace),terpinolene,sweet|pine|earthy|anise,sweet|pine|licorice,terpinolene|myrcene|ocimene,thc,classic sativa,chunky,"Durban, South Africa","A pure South African landrace sativa with a distinctive sweet, piney aroma and a hint of anise; revered by hashmakers.",leafly|wikileaf,0.95
acapulco gold,Acapulco Gold,,sativa,Mexican (landrace),myrcene,earthy|toffee|citrus,toffee|earthy|sweet,myrcene|pinene|caryophyllene,thc,classic sativa,dense,"Acapulco, Mexico","A classic Mexican landrace sativa with dense, orange-flecked nuggets and aromas of burnt toffee.",leafly,0.9
maui wowie,Maui Wowie,maui,sativa,Hawaiian (landrace),myrcene,tropical|pineapple|sweet,pineapple|tropical|sweet,myrcene|caryophyllene|pinene,thc,classic sativa,fluffy,Hawaii,A classic tropical sativa from Hawaii with sweet pineapple flavors.,leafly,0.9
lamb's bread,Lamb's Bread,lambs bread|lamb's breath,sativa,Jamaican (landrace),myrcene,herbal|earthy|grassy,herbal|earthy,myrcene|caryophyllene,thc,classic sativa,fluffy,Jamaica,"A bright green, sticky Jamaican sativa, famously associated with Bob Marley.",leafly,0.85
og kush,OG Kush,og|ogkush|og kush #18|the og,hybrid,,myrcene,earthy|pine|lemon|fuel,earthy|citrus|woody,myrcene|limonene|caryophyllene,thc,typically high THC,dense,United States,The genetic backbone of West Coast hybrids; an earthy-pine aroma with a citrus-fuel edge. Exact lineage is disputed.,leafly|wikileaf,0.9
chemdog,Chemdog,chemdawg|chem dog|chem dawg,hybrid,,caryophyllene,diesel|pungent|earthy,diesel|earthy|chemical,caryophyllene|myrcene|limonene,thc,typically high THC,dense,United States,"A mysterious, influential strain with a loud diesel aroma; parent to Sour Diesel and OG Kush. Lineage uncertain.",leafly|wikileaf,0.9
sour diesel,Sour Diesel,sour d|sourd|sour deezy,sativa,Chemdog x Super Skunk,caryophyllene,diesel|pungent|citrus|fuel,diesel|lemon|sour,caryophyllene|limonene|myrcene,thc,typically high THC,dense,United States,A legendary sativa named for its pungent diesel aroma with a citrus edge; fast-acting and cerebral.,leafly|wikileaf,0.9
headband,Headband,,hybrid,OG Kush x Sour Diesel,myrcene,lemon|diesel|earthy,lemon|diesel|creamy,myrcene|caryophyllene|limonene,thc,typically high THC,dense,United States,"A creamy, smooth cross of OG Kush and Sour Diesel with lemon and diesel notes.",leafly,0.9
stardawg,Stardawg,,hybrid,Chemdog 4 x Tres Dawg,caryophyllene,diesel|pine|lemon,diesel|pine|lemon,caryophyllene|myrcene|pinene,thc,typically high THC,frosty,United States,A Chemdog-heavy hybrid with a diesel funk and notes of pine and lemon under a blanket of trichomes.,leafly,0.9
gmo cookies,GMO Cookies,gmo|garlic cookies,hybrid,Chemdog x GSC,limonene,garlic|savory|diesel|earthy,garlic|savory|diesel,limonene|caryophyllene|myrcene,thc,typically very high THC,dense,United States,"A pungent, savory cross of Chemdog and GSC, also called Garlic Cookies; stanky and strong.",leafly,0.9
bruce banner,Bruce Banner,banner|og banner,hybrid,Strawberry Diesel x OG Kush,myrcene,sweet|earthy|diesel,sweet|earthy|fuel,myrcene|caryophyllene|limonene,thc,typically very high THC,frosty,United States,"A potent hybrid with lightly sweet, earthy flavors and a diesel undertone.",leafly,0.9
white fire og,White Fire OG,wifi og|wifi,hybrid,Fire OG x The White,limonene,sour|earthy|diesel,sour|earthy|diesel,limonene|caryophyllene|myrcene,thc,typically high THC,frosty,United States,"Also called WiFi OG; a sour, earthy, diesel-scented hybrid with a heavy resin coat.",leafly,0.88
triangle kush,Triangle Kush,tk,indica,,myrcene,earthy|gassy|vanilla|pine,gassy|earthy|vanilla,myrcene|caryophyllene|limonene,thc,typically very high THC,dense,"Florida, United States","A biting, gassy Florida cultivar likely descended from OG Kush, with soft vanilla notes.",leafly,0.85
sfv og,SFV OG,sfv|sfv og kush|san fernando valley og,hybrid,OG Kush phenotype,myrcene,earthy|pine|lemon|fuel,earthy|pine|lemon,myrcene|limonene|caryophyllene,thc,typically high THC,dense,"San Fernando Valley, United States",A San Fernando Valley OG Kush phenotype with classic earthy-pine and citrus-fuel notes.,leafly|seedfinder,0.85
fire og,Fire OG,fire og kush|fire kush,hybrid,OG Kush x SFV OG,limonene,earthy|lemon|pine|fuel,lemon|earthy|pine,limonene|myrcene|caryophyllene,thc,typically high THC,frosty,United States,"One of the most potent OG cuts, with lemon, pine, and fuel notes and red-orange hairs.",leafly|seedfinder,0.85
khalifa kush,Khalifa Kush,kk,hybrid,OG Kush,limonene,lemon|pine|sour,lemon|pine|sour,limonene|myrcene|caryophyllene,thc,typically high THC,dense,United States,"An OG Kush cut bred for Wiz Khalifa, with sour lemon and pine notes.",leafly,0.8
gsc,GSC,girl scout cookies|cookies|girlscout cookies,hybrid,OG Kush x Durban Poison,caryophyllene,sweet|earthy|dessert|mint,sweet|cookie-dough|mint|grape,caryophyllene|limonene|humulene,thc,typically very high THC,dense,"California, United States","Girl Scout Cookies — a hugely influential dessert hybrid with sweet, minty, earthy notes and butter-sugar cookie character.",leafly|wikileaf,0.95
animal cookies,Animal Cookies,animal cookie,hybrid,GSC x Fire OG,caryophyllene,sweet|sour|earthy,sweet|sour|cookie,caryophyllene|limonene|myrcene,thc,typically very high THC,dense,United States,A strong GSC descendant crossed with Fire OG; sweet-and-sour with purple-tinged buds.,leafly,0.88
gelato,Gelato,larry bird,hybrid,Sunset Sherbet x Thin Mint GSC,caryophyllene,sweet|creamy|berry|dessert,sweet|cream|berry|citrus,caryophyllene|limonene|humulene,thc,typically very high THC,dense,"Bay Area, United States","Also called Larry Bird; a dessert hybrid with a sweet, creamy aroma and bright berry-citrus notes.",leafly|wikileaf,0.95
gelato 41,Gelato 41,gelato #41|gelato41,hybrid,Sunset Sherbet x Thin Mint GSC,caryophyllene,sweet|creamy|gas|dessert,sweet|cream|gas,caryophyllene|limonene|linalool,thc,typically very high THC,dense,United States,"A sought-after Gelato phenotype with a sweet, creamy, gassy profile.",leafly|seedfinder,0.85
wedding cake,Wedding Cake,triangle mints|pink cookies|triangle mints #23,hybrid,Triangle Kush x Animal Mints,limonene,sweet|vanilla|earthy|tangy,vanilla|sweet|earthy,limonene|caryophyllene|myrcene,thc,typically very high THC,dense,United States,"A rich, tangy-sweet hybrid with a vanilla-cake aroma over an earthy base; Leafly Strain of the Year 2019.",leafly|wikileaf,0.92
ice cream cake,Ice Cream Cake,icecream cake|ice cream cake #5,indica,Wedding Cake x Gelato 33,limonene,sweet|vanilla|creamy|nutty,vanilla|sweet|cream,limonene|caryophyllene|linalool,thc,typically very high THC,dense,United States,A creamy dessert indica with sweet vanilla wafting off frosty green-and-purple buds.,leafly,0.9
kush mints,Kush Mints,kushmints|kush mint,hybrid,Animal Mints x Bubba Kush,limonene,mint|cookie|earthy,mint|cookie|earthy,limonene|caryophyllene|humulene,thc,typically very high THC,dense,United States,"A minty, cookie-scented hybrid with icy-dark dense nugs.",leafly,0.88
biscotti,Biscotti,biscotti cookies,hybrid,Gelato 25 x Florida OG,caryophyllene,sweet|cookie|diesel,sweet|cookie|diesel,caryophyllene|limonene|linalool,thc,typically very high THC,dense,United States,A cerebral Gelato descendant with a sweet cookie flavor and notes of diesel; purple-tinged buds.,leafly,0.88
runtz,Runtz,runts|runtz og,hybrid,Zkittlez x Gelato,caryophyllene,sweet|fruity|candy|tropical,sweet|fruit|candy|creamy,caryophyllene|limonene|linalool,thc,typically very high THC,dense,United States,"A sweet, candy-like hybrid (Leafly Strain of the Year 2020) with a creamy taste and purple-to-green buds.",leafly|wikileaf,0.92
la kush cake,LA Kush Cake,,hybrid,Wedding Cake x Kush Mints,caryophyllene,sweet|earthy|vanilla|mint,vanilla|earthy|mint,caryophyllene|limonene|humulene,thc,typically very high THC,dense,"Los Angeles, United States","A smooth, indica-leaning hybrid with sweet vanilla and minty earth notes.",leafly,0.85
lava cake,Lava Cake,lava cake kush,hybrid,Thin Mint GSC x Grape Pie,caryophyllene,sweet|chocolate|mint|berry,chocolate|mint|berry,caryophyllene|limonene|myrcene,thc,typically high THC,dense,United States,"A dessert hybrid with sweet chocolate, mint, and berry notes.",leafly,0.85
key lime pie,Key Lime Pie,,hybrid,GSC phenotype,caryophyllene,lime|citrus|earthy|sweet,lime|citrus|sweet,caryophyllene|limonene|humulene,thc,typically high THC,dense,United States,A tangier GSC phenotype tasting of fresh-squeezed lime with sweet undertones.,leafly,0.85
tropicana cookies,Tropicana Cookies,tropicana|trop cookies|tropicanna cookies,sativa,GSC x Tangie,caryophyllene,orange|citrus|sweet,orange|citrus|sweet,caryophyllene|limonene|myrcene,thc,typically high THC,dense,United States,A flavorful sativa-leaning cross of GSC and Tangie that smells like a glass of orange juice; deep-purple buds.,leafly,0.85
vanilla frosting,Vanilla Frosting,,hybrid,Humboldt Gelato x Humboldt Frost OG,myrcene,vanilla|creamy|sweet,vanilla|cream|sweet,myrcene|caryophyllene|limonene,thc,typically very high THC,frosty,"Humboldt, United States","A frosty Gelato-lineage cake strain with a creamy, smooth vanilla taste.",leafly,0.82
mac,MAC,miracle alien cookies|mac 1|mac1|mac #1,hybrid,Alien Cookies x Starfighter,limonene,citrus|floral|diesel|cream,citrus|cream|diesel,limonene|caryophyllene|pinene,thc,typically very high THC,dense,United States,"Miracle Alien Cookies — beastly, icy colas with a complex citrus-cream-diesel nose.",leafly,0.85
fruity pebbles,Fruity Pebbles,fpog|fruity pebbles og|fruity pebble,hybrid,Green Ribbon x Granddaddy Purple x Tahoe Alien,limonene,tropical|berry|sweet|cereal,berry|tropical|sweet,limonene|caryophyllene|myrcene,thc,typically high THC,dense,United States,Also FPOG; a sweet hybrid with a tropical berry flavor reminiscent of the cereal.,leafly,0.82
granddaddy purple,Granddaddy Purple,gdp|grandaddy purple|granddaddy purp|grand daddy purple|grand daddy purp,indica,Purple Urkle x Big Bud,myrcene,grape|berry|sweet|floral,grape|berry|sweet,myrcene|caryophyllene|pinene,thc,typically high THC,dense,"California, United States","A deep-purple indica with a rich grape-and-berry aroma and a sweet, fruit-forward profile.",leafly|wikileaf,0.95
purple urkle,Purple Urkle,purple urkel|urkle|urkel,indica,Mendocino Purps,myrcene,grape|berry|skunk,grape|berry|skunk,myrcene|caryophyllene|pinene,thc,typically high THC,dense,"California, United States","A complex purple indica blending skunk, berry, and grape notes.",leafly,0.85
grape ape,Grape Ape,grapeape|grape ape kush,indica,Mendocino Purps x Skunk x Afghani,myrcene,grape|sweet|berry,grape|sweet|berry,myrcene|caryophyllene|pinene,thc,typically high THC,dense,United States,"An indica named for its distinct grape smell, with dense purple-leaved buds.",leafly,0.88
purple punch,Purple Punch,purp punch,indica,Larry OG x Granddaddy Purple,caryophyllene,grape|berry|sweet|candy,grape|blueberry|sweet,caryophyllene|myrcene|pinene,thc,typically high THC,dense,United States,A dessert indica with a sweet grape-and-berry aroma reminiscent of fruit candy.,leafly|wikileaf,0.9
slurricane,Slurricane,,indica,Do-Si-Dos x Purple Punch,limonene,grape|gas|sweet|berry,grape|gas|sweet,limonene|caryophyllene|myrcene,thc,typically very high THC,frosty,United States,"A purple, gassy indica with a grape-candy-gas smell and a thick trichome layer.",leafly,0.88
cherry pie,Cherry Pie,cherry kush|cherry pie kush|cherrie pie|cherry pye,hybrid,Granddaddy Purple x Durban Poison,myrcene,cherry|sweet|sour|earthy,cherry|sweet|sour,myrcene|caryophyllene|limonene,thc,typically high THC,dense,United States,"A sweet-and-sour cherry-pie-scented hybrid with dense, orange-haired, purple-touched buds.",leafly,0.88
grape pie,Grape Pie,grape pie kush,hybrid,Cherry Pie x Grape Stomper,myrcene,grape|sweet|sour,grape|sweet|sour,myrcene|caryophyllene|limonene,thc,typically high THC,dense,United States,A sour-and-sugary old-school-looking purp strain.,leafly,0.85
forbidden fruit,Forbidden Fruit,forbidden fruits,indica,Tangie x Cherry Pie,myrcene,citrus|tropical|cherry|sweet,citrus|cherry|tropical,myrcene|caryophyllene|limonene,thc,typically high THC,dense,United States,A tropical-citrus indica balancing Cherry Pie sweetness with sharp Tangie citrus.,leafly,0.85
zkittlez,Zkittlez,skittlez|skittles|zkittles|the original z,indica,Grape Ape x Grapefruit,caryophyllene,fruity|sweet|berry|tropical,fruit|berry|grape|sweet,caryophyllene|humulene|linalool,thc,typically high THC,chunky,"California, United States","An award-winning indica with an intensely fruity, candy-sweet aroma and tropical-berry notes.",leafly|wikileaf,0.92
rainbow belts,Rainbow Belts,rainbow belt,hybrid,Zkittlez x Moonbow,caryophyllene,sweet|tropical|fruity|candy,sweet|tropical|candy,caryophyllene|limonene|linalool,thc,typically very high THC,frosty,United States,"A Zkittlez descendant bringing sweet, tropical candy flavors and calming character.",leafly,0.82
mimosa,Mimosa,mimosa evo,hybrid,Clementine x Purple Punch,myrcene,citrus|orange|sweet|tropical,citrus|orange|sweet,myrcene|caryophyllene|limonene,thc,typically high THC,dense,"California, United States",An effervescent citrus hybrid with sativa-leaning character and big bag appeal.,leafly,0.88
blueberry,Blueberry,bb|dj short blueberry|blueberry kush,indica,Afghani x Thai x Purple Thai,myrcene,blueberry|sweet|berry|earthy,blueberry|sweet|berry,myrcene|caryophyllene|pinene,thc,typically high THC,dense,United States (DJ Short),A heritage indica famous for its true-to-name sweet blueberry aroma and flavor; the root of most 'blue' strains.,leafly|wikileaf,0.92
blue dream,Blue Dream,bluedream|blue dream haze|azure haze,hybrid,Blueberry x Haze,myrcene,berry|sweet|herbal|blueberry,blueberry|sweet|vanilla,myrcene|pinene|caryophyllene,thc,typically high THC,fluffy,"California, United States",A West Coast classic sativa-leaning hybrid with a sweet blueberry aroma over a soft herbal backbone.,leafly|wikileaf,0.95
blueberry muffins,Blueberry Muffins,blueberry muffin,hybrid,Blueberry x Razzle Berry,caryophyllene,blueberry|sweet|creamy,blueberry|sweet|cream,caryophyllene|myrcene|pinene,thc,typically high THC,dense,United States,"A sweet, smooth, creamy descendant of legendary Blueberry.",leafly,0.82
blackberry kush,Blackberry Kush,bbk,indica,Blackberry x Afghani,myrcene,blackberry|sweet|earthy|fuel,blackberry|sweet|earthy,myrcene|caryophyllene|pinene,thc,typically high THC,dense,United States,"Also BBK; a strong-bodied indica with bold, sweet-earthy blackberry notes.",leafly,0.85
haze,Haze,,sativa,South American x Thai,myrcene,spicy|citrus|earthy,spicy|citrus|earthy,myrcene|terpinolene|pinene,thc,classic sativa,wispy,"Santa Cruz, United States","A foundational sativa from 1960s California, parent of most 'haze' strains, with spicy citrus notes.",leafly,0.9
skunk 1,Skunk 1,skunk #1|skunk number 1,hybrid,Acapulco Gold x Afghani x Colombian Gold,myrcene,skunk|earthy|sour|sweet,skunk|earthy|sweet,myrcene|caryophyllene|humulene,thc,classic hybrid,dense,United States / Netherlands,"A genetic cornerstone of countless hybrids since the late 1970s, with a pungent skunky-earthy aroma.",leafly|seedfinder,0.9
super skunk,Super Skunk,,hybrid,Skunk 1 x Afghani,myrcene,skunk|earthy|sweet|citrus,skunk|earthy|sweet,myrcene|caryophyllene|humulene,thc,classic hybrid,dense,Netherlands,"A heavier Skunk 1 cross with a sweeter, more pungent skunk aroma.",leafly|seedfinder,0.85
super silver haze,Super Silver Haze,ssh|super silver,sativa,Skunk x Northern Lights x Haze,terpinolene,citrus|spicy|earthy|skunk,citrus|spicy|earthy,terpinolene|myrcene|caryophyllene,thc,classic sativa,frosty,Netherlands,"A multi-award-winning Dutch sativa, sticky and fragrant with an energetic head high.",leafly,0.88
super lemon haze,Super Lemon Haze,slh|super lemon,sativa,Lemon Skunk x Super Silver Haze,terpinolene,lemon|citrus|sweet|zesty,lemon|citrus|zesty,terpinolene|limonene|caryophyllene,thc,typically high THC,frosty,Netherlands,"A zesty, tart, lemony sativa update of Super Silver Haze.",leafly,0.88
lemon skunk,Lemon Skunk,lemonskunk|las vegas lemon skunk,hybrid,Skunk phenotypes,terpinolene,lemon|citrus|skunk|sweet,lemon|citrus|skunk,terpinolene|limonene|myrcene,thc,typically high THC,dense,Netherlands,"A bright, zesty lemon Skunk selection with a sweet citrus aroma.",leafly|seedfinder,0.82
jack herer,Jack Herer,jh|jack|the jack|premium jack,sativa,Haze x Northern Lights #5 x Shiva Skunk,terpinolene,pine|spicy|earthy|citrus,pine|pepper|citrus|wood,terpinolene|caryophyllene|pinene,thc,typically high THC,frosty,Netherlands,"A spicy-pine sativa classic named for the cannabis advocate, with a fresh, herbal-citrus character.",leafly|wikileaf,0.92
green crack,Green Crack,green crush|mango crack|green cush,sativa,Skunk 1,myrcene,citrus|mango|tropical|sweet,mango|citrus|tangy,myrcene|caryophyllene|limonene,thc,typically high THC,dense,United States,"A zesty sativa with a sharp citrus-mango aroma and a bright, tangy profile.",leafly,0.88
strawberry cough,Strawberry Cough,,sativa,Haze x Strawberry Fields,myrcene,strawberry|sweet|berry,strawberry|sweet|berry,myrcene|caryophyllene|pinene,thc,typically high THC,dense,United States,"A potent sativa known for a sweet strawberry scent and an uplifting, cerebral character.",leafly,0.85
tangie,Tangie,cali orange tangie,sativa,California Orange x Skunk 1,myrcene,orange|tangerine|citrus|sweet,orange|tangerine|citrus,myrcene|limonene|caryophyllene,thc,typically high THC,frosty,Netherlands,A high-energy sativa with a refreshing tangerine aroma and sticky buds.,leafly,0.88
chocolope,Chocolope,chocalope|d-line,sativa,Chocolate Thai x Cannalope Haze,myrcene,coffee|earthy|sweet|chocolate,coffee|chocolate|earthy,myrcene|caryophyllene|pinene,thc,typically high THC,fluffy,Netherlands,"A hefty sativa with earthy, sweet coffee-and-chocolate flavors and dreamy, cerebral character.",leafly,0.85
trainwreck,Trainwreck,train wreck,hybrid,Mexican x Thai x Afghani,myrcene,pine|lemon|spicy|earthy,lemon|pine|pepper,myrcene|terpinolene|pinene,thc,typically high THC,frosty,"Northern California, United States","A pungent sativa-dominant hybrid with a sharp pine-and-lemon aroma and a spicy, herbal edge.",leafly|wikileaf,0.9
pineapple express,Pineapple Express,pineapple xpress,hybrid,Trainwreck x Hawaiian,caryophyllene,pineapple|tropical|sweet|citrus,pineapple|tropical|cedar,caryophyllene|limonene|pinene,thc,typically high THC,dense,United States,A tropical hybrid with a bright pineapple aroma over sweet citrus and a hint of cedar.,leafly|wikileaf,0.9
ak-47,AK-47,ak47|ak 47,hybrid,South American x Mexican x Thai x Afghani,myrcene,sour|earthy|floral|sweet,sour|earthy|floral,myrcene|caryophyllene|pinene,thc,typically high THC,dense,Netherlands,"A sociable hybrid with a sour, earthy aroma and sweet floral notes.",leafly|seedfinder,0.85
candyland,Candyland,candy land,sativa,Platinum GSC x Granddaddy Purple,caryophyllene,sweet|earthy|spicy,sweet|earthy|spicy,caryophyllene|myrcene|limonene,thc,typically high THC,frosty,"California, United States","A classic sativa sparkling with trichomes and a contrast of purple, green, and orange.",leafly,0.82
dutch treat,Dutch Treat,,hybrid,Northern Lights x Haze,terpinolene,pine|eucalyptus|sweet|fruit,pine|sweet|fruit,terpinolene|myrcene|pinene,thc,typically high THC,dense,Netherlands,"A classic with cerebral effects and an intense sweet-fruit, pine, and eucalyptus aroma.",leafly,0.82
banana kush,Banana Kush,,hybrid,Ghost OG x Skunk Haze,limonene,banana|tropical|sweet|fruity,banana|tropical|sweet,limonene|myrcene|caryophyllene,thc,typically high THC,dense,United States,"An aromatic hybrid that fills the nose with sweet, fruity, tropical banana notes.",leafly,0.85
strawberry banana,Strawberry Banana,strawnana|strawberry banana kush,hybrid,Banana Kush x Bubble Gum,limonene,strawberry|banana|sweet|fruity,strawberry|banana|sweet,limonene|myrcene|caryophyllene,thc,typically very high THC,frosty,United States,"Also Strawnana; a sweet, fruity hybrid with chill body character and an active mind.",leafly,0.85
orange creamsicle,Orange Creamsicle,creamsicle,hybrid,Orange Crush x Juicy Fruit,myrcene,orange|cream|citrus|sweet,orange|cream|citrus,myrcene|limonene|caryophyllene,thc,typically high THC,dense,United States,A creamy orange treat with a creamy citrus smell and taste.,leafly,0.82
lemon tree,Lemon Tree,lemontree,hybrid,Lemon Skunk x Sour Diesel,myrcene,lemon|citrus|diesel|sweet,lemon|citrus|diesel,myrcene|limonene|caryophyllene,thc,typically high THC,spongy,United States,A pungent hybrid with an unforgettable modern lemon flavor.,leafly,0.85
papaya punch,Papaya Punch,,hybrid,Papaya x Purple Punch,limonene,tropical|papaya|sweet|cheese,tropical|sweet|cheese,limonene|myrcene|caryophyllene,thc,typically high THC,dense,United States,"A sweet, fruity couch-chill hybrid with tropical flavors and a hint of cheese.",leafly,0.8
mango,Mango,,indica,Afghani x KC 33,myrcene,mango|tropical|sweet|fruity,mango|tropical|sweet,myrcene|caryophyllene|pinene,thc,typically high THC,dense,United States,"An indica known for a juicy, fruity mango flavor.",leafly,0.82
northern lights,Northern Lights,nl|northern light|northern lights #5,indica,Afghani x Thai,myrcene,earthy|sweet|pine|spicy,sweet|earthy|pine,myrcene|caryophyllene|pinene,thc,classic indica,dense,United States / Netherlands,"A legendary indica with a sweet, earthy-pine aroma and a smooth, resinous profile; parent of countless hybrids.",leafly|wikileaf,0.92
bubba kush,Bubba Kush,bubba|pre-98 bubba kush|bubba kush pre-98,indica,OG Kush x Afghani,caryophyllene,earthy|coffee|chocolate|sweet,coffee|chocolate|earthy,caryophyllene|myrcene|limonene,thc,typically high THC,chunky,United States,A tranquilizing indica with sweet hash flavors and subtle notes of chocolate and coffee.,leafly,0.88
master kush,Master Kush,masterkush,indica,Hindu Kush selections,caryophyllene,earthy|citrus|hash,earthy|citrus|hash,caryophyllene|myrcene|limonene,thc,typically high THC,dense,Netherlands,A popular indica from two Hindu Kush landraces with a subtle earthy hash smell and hints of citrus.,leafly,0.85
purple kush,Purple Kush,purps kush,indica,Purple Afghani x Hindu Kush,myrcene,grape|earthy|sweet,grape|earthy|sweet,myrcene|caryophyllene|pinene,thc,typically high THC,dense,"Oakland, United States","A pure indica with long-lasting, deeply relaxing character and sweet grape-earth notes.",leafly,0.85
pink kush,Pink Kush,,hybrid,OG Kush descendant,myrcene,sweet|vanilla|candy|floral,vanilla|sweet|candy,myrcene|caryophyllene|limonene,thc,typically very high THC,dense,Canada,An indica-dominant hybrid with sweet vanilla and candy-perfume aromas and pink-haired buds.,leafly,0.82
white rhino,White Rhino,whiterhino|rhino,indica,White Widow x North American Indica,myrcene,earthy|woody|sweet,earthy|woody|sweet,myrcene|caryophyllene|pinene,thc,typically high THC,dense,Netherlands,"A beast of an indica with classic White Widow lineage and earthy, woody notes.",leafly,0.82
white widow,White Widow,whitewidow,hybrid,Brazilian Sativa x South Indian Indica,myrcene,earthy|woody|spicy|floral,earthy|pepper|wood,myrcene|caryophyllene|pinene,thc,classic hybrid,frosty,Netherlands,"A balanced classic hybrid with an earthy, woody aroma and a peppery, resin-heavy character.",leafly|wikileaf,0.9
la confidential,LA Confidential,la con,indica,LA Affie x Afghani,myrcene,pine|skunk|earthy,pine|skunk|earthy,myrcene|limonene|caryophyllene,thc,typically high THC,dense,"California, United States",A West Coast indica with notes of pine and a skunky taste.,leafly,0.82
mk ultra,MK Ultra,,indica,OG Kush x G13,myrcene,earthy|pungent|pine,earthy|pungent|pine,myrcene|caryophyllene|limonene,thc,typically very high THC,dense,Netherlands,"A potent, pungent indica best for winding down; not for newbies.",leafly,0.82
9 pound hammer,9 Pound Hammer,9lb hammer|nine pound hammer,indica,Gooberry x Hell's OG x Jack the Ripper,myrcene,grape|lime|sweet|funky,grape|lime|sweet,myrcene|caryophyllene|pinene,thc,typically high THC,dense,United States,"A heavy indica with dense, resin-coated buds and sweet grape-lime flavors.",leafly,0.82
do-si-dos,Do-Si-Dos,dosidos|dosi|do si dos|dosido,indica,GSC x Face Off OG,limonene,sweet|earthy|floral|minty,sweet|mint|earthy,limonene|caryophyllene|linalool,thc,typically very high THC,frosty,United States,"A frosty indica with a sweet, earthy aroma and floral-mint undertones; parent of Slurricane.",leafly|wikileaf,0.9
peanut butter breath,Peanut Butter Breath,pb breath|pbb,hybrid,Do-Si-Dos x Mendo Breath,caryophyllene,nutty|savory|earthy,nutty|savory|earthy,caryophyllene|limonene|humulene,thc,typically high THC,dense,United States,"A savory, nutty hybrid that smells like roasted, salted peanut butter.",leafly,0.85
mendo breath,Mendo Breath,mendo breath og,indica,Mendo Montage x OGKB,caryophyllene,vanilla|caramel|sweet|earthy,vanilla|caramel|sweet,caryophyllene|myrcene|limonene,thc,typically high THC,frosty,"Mendocino, United States",A heavy indica with sweet vanilla and caramel flavors off frosty buds.,leafly,0.82
motorbreath,Motorbreath,,hybrid,Chemdog x SFV OG,myrcene,diesel|gas|earthy,diesel|gas|earthy,myrcene|caryophyllene|limonene,thc,typically very high THC,dense,United States,"A potent, gassy, earthy hybrid crossing Chemdog and SFV OG.",leafly,0.85
gushers,Gushers,white gushers|gusher|fruit gushers,hybrid,Gelato 41 x Triangle Kush,limonene,tropical|fruity|gas|sweet,tropical|gas|sweet,limonene|caryophyllene|myrcene,thc,typically very high THC,dense,United States,"Also White Gushers; a gassy, tropical-fruit hybrid that is beautiful, multi-colored, and glistening.",leafly,0.85
apple fritter,Apple Fritter,apple fritters,hybrid,Sour Apple x Animal Cookies,limonene,apple|sweet|pastry|earthy,apple|sweet|pastry,limonene|caryophyllene|myrcene,thc,typically very high THC,lumpy,United States,"A potent hybrid with a lumpy bud structure and a pungent, apple-pastry flavor.",leafly,0.8
alien og,Alien OG,,hybrid,Tahoe OG x Alien Kush,myrcene,earthy|lemon|pine,earthy|lemon|pine,myrcene|limonene|caryophyllene,thc,typically very high THC,dense,"California, United States",A potent hybrid with intense head and body character and classic OG lemon-pine notes.,leafly,0.8
original glue,Original Glue,gg4|gorilla glue|gg #4|glue|gorilla glue #4|gorilla glue 4|gorilla glue #1|gorilla glue 1|gorrilla glue|the glue,hybrid,Chem's Sister x Sour Dubb x Chocolate Diesel,myrcene,earthy|pungent|pine|fuel,earthy|pine|diesel|chocolate,myrcene|caryophyllene|limonene,thc,typically very high THC,frosty,United States,GG4 / Gorilla Glue — a heavy-resin hybrid with a pungent earthy-fuel aroma and notes of pine and chocolate.,leafly|wikileaf,0.92
cheese,Cheese,uk cheese|exodus cheese|the cheese,hybrid,Skunk 1,pinene,cheese|funky|earthy|sour,cheese|funky|earthy,pinene|myrcene|caryophyllene,thc,classic hybrid,dense,United Kingdom,"An indica-leaning hybrid famous for its pungent, tangy cheese aroma.",leafly,0.85
island sweet skunk,Island Sweet Skunk,sweet island skunk|iss,sativa,Skunk 1,myrcene,citrus|tropical|skunk|sweet,citrus|tropical|skunk,myrcene|caryophyllene|limonene,thc,some phenos higher CBD,tall,"British Columbia, Canada",An energizing Canadian sativa famous for a tangy citrus-and-tropical aroma; some phenotypes carry more CBD.,leafly,0.82
acdc,ACDC,acdc cbd,sativa,Cannatonic phenotype,myrcene,earthy|woody|sweet|pine,earthy|woody|sweet,myrcene|pinene|caryophyllene,cbd,low-THC / high-CBD,fluffy,United States,A famous high-CBD sativa phenotype of Cannatonic with a very low THC level and earthy-woody notes.,leafly|wikileaf,0.9
charlotte's web,Charlotte's Web,charlottes web|cw,hybrid,high-CBD hemp lineage,myrcene,earthy|pine|floral,earthy|pine|sweet,myrcene|pinene|caryophyllene,cbd,very low THC / high CBD,fluffy,"Colorado, United States","A landmark high-CBD, very-low-THC cultivar with earthy, piney notes.",leafly|wikileaf,0.9
harlequin,Harlequin,,sativa,Colombian Gold x Thai x Swiss landrace,myrcene,earthy|mango|sweet|woody,earthy|mango|sweet,myrcene|pinene|caryophyllene,cbd,high-CBD (often ~5:2 CBD:THC),fluffy,United States,A reliably high-CBD sativa with earthy mango and sweet notes; popular for balanced ratios.,leafly|wikileaf,0.88
cannatonic,Cannatonic,,hybrid,MK Ultra x G13 Haze,myrcene,earthy|citrus|sweet,earthy|citrus|sweet,myrcene|pinene|caryophyllene,cbd,high-CBD / low-to-moderate THC,dense,Spain,A foundational high-CBD hybrid (parent of ACDC) with earthy-citrus notes and a mellow profile.,leafly|wikileaf,0.88
harle-tsu,Harle-Tsu,harle tsu|harletsu,hybrid,Harlequin x Sour Tsunami,myrcene,earthy|sweet|woody,earthy|sweet|woody,myrcene|pinene|caryophyllene,cbd,very high CBD / very low THC,dense,United States,A very-high-CBD hybrid bred from Harlequin and Sour Tsunami.,leafly|seedfinder,0.85
sour tsunami,Sour Tsunami,,hybrid,Sour Diesel x NYC Diesel,myrcene,diesel|earthy|sweet,diesel|earthy|sweet,myrcene|caryophyllene|pinene,cbd,high-CBD,dense,United States,"One of the first strains bred specifically for high CBD, with a mild sweet-diesel aroma.",leafly|seedfinder,0.85
ringo's gift,Ringo's Gift,ringos gift,hybrid,ACDC x Harle-Tsu,myrcene,earthy|herbal|woody,earthy|herbal|woody,myrcene|pinene|caryophyllene,cbd,very high CBD,fluffy,United States,"A very-high-CBD hybrid averaging high CBD:THC ratios, with herbal-earthy notes.",leafly|seedfinder,0.82
pennywise,Pennywise,,indica,Harlequin x Jack the Ripper,myrcene,earthy|coffee|pepper|lemon,coffee|earthy|pepper,myrcene|caryophyllene|pinene,balanced,often ~1:1 CBD:THC,dense,United States,An indica with a roughly balanced CBD:THC ratio and earthy coffee-pepper notes.,leafly|wikileaf,0.85
stephen hawking kush,Stephen Hawking Kush,shk,indica,Harle-Tsu x Sin City Kush,myrcene,berry|earthy|mint|cherry,berry|mint|cherry,myrcene|caryophyllene|pinene,balanced,often balanced CBD:THC,dense,United States,"A balanced-ratio indica with sweet berry, cherry, and mint notes.",leafly|seedfinder,0.8
new glue,New Glue,gg5|gorilla glue #5|glue 5,hybrid,Gorilla Glue #4 phenotype,caryophyllene,earthy|diesel|pine|pungent,earthy|diesel|pine,caryophyllene|limonene|myrcene,thc,typically very high THC,dense,United States,"A Gorilla Glue #4 selection (renamed for trademark reasons) with the same earthy, diesel-pine profile.",leafly|seedfinder,0.82
cherry og,Cherry OG,cherries og|cherry's og|cherrys og|cherries|cherry og kush,hybrid,Lost Coast OG x Cherry Thai x Afghani,myrcene,cherry|sweet|earthy|diesel,cherry|sweet|earthy,myrcene|caryophyllene|limonene,thc,typically high THC,dense,United States,"A sweet, cherry-forward hybrid with an earthy-diesel backbone; appears under several spelling variants.",leafly|wikileaf,0.85
cherry ak,Cherry AK,cherry ak-47|cherry ak47,sativa,Cherry x AK-47,caryophyllene,cherry|sweet|skunky|earthy,cherry|sweet|skunk,caryophyllene|myrcene|limonene,thc,typically high THC,dense,United States,"A cherry-sweet, skunky sativa-leaning cross of Cherry and AK-47.",leafly|seedfinder,0.8
blueberry muffin,Blueberry Muffin,blueberry muffins,hybrid,Blueberry x Purple Panty Dropper,myrcene,blueberry|muffin|sweet|baked,blueberry|sweet|creamy,myrcene|caryophyllene|pinene,thc,typically high THC,dense,United States,"A dessert hybrid that smells like fresh blueberry muffins, sweet and baked.",leafly|seedfinder,0.82
blue cheese,Blue Cheese,bluecheese|blue cheese kush,indica,Blueberry x UK Cheese,myrcene,blueberry|cheese|funky|sweet,blueberry|cheese|savory,myrcene|caryophyllene|pinene,thc,typically high THC,dense,United Kingdom,A savory-sweet indica marrying Blueberry's berry notes with UK Cheese funk.,leafly|wikileaf,0.88
blueberry headband,Blueberry Headband,,hybrid,Blueberry x Headband,myrcene,blueberry|diesel|sweet|earthy,blueberry|diesel|sweet,myrcene|caryophyllene|limonene,thc,typically high THC,dense,United States,A cross pairing sweet blueberry with the lemon-diesel of Headband.,leafly|seedfinder,0.8
berry white,Berry White,,indica,Blueberry x White Widow,myrcene,berry|sweet|earthy|floral,berry|sweet|earthy,myrcene|caryophyllene|pinene,thc,typically high THC,frosty,United States,A frosty indica crossing Blueberry and White Widow for sweet berry and earthy notes.,leafly|wikileaf,0.82
thin mint gsc,Thin Mint GSC,thin mints|thin mint cookies|gsc thin mint,hybrid,Girl Scout Cookies phenotype,caryophyllene,mint|sweet|earthy|cookie,mint|sweet|earthy,caryophyllene|limonene|humulene,thc,typically high THC,dense,United States,"A minty, cookie-sweet GSC phenotype with frosty coverage.",leafly|wikileaf,0.85
platinum gsc,Platinum GSC,platinum cookies|platinum girl scout cookies,hybrid,Girl Scout Cookies phenotype,caryophyllene,sweet|earthy|spice|berry,sweet|earthy|spice,caryophyllene|limonene|humulene,thc,typically high THC,frosty,United States,"A frosty, platinum-hued GSC phenotype with sweet, earthy, spicy notes.",leafly|allbud,0.82
sunset sherbet,Sunset Sherbet,sherbet|sherbert|sunset sherbert,hybrid,Girl Scout Cookies x Pink Panties,caryophyllene,sweet|berry|citrus|creamy,sweet|berry|creamy,caryophyllene|limonene|linalool,thc,typically high THC,dense,United States,"A creamy, fruity GSC descendant with sweet berry and citrus notes; parent of Gelato.",leafly|wikileaf,0.88
gelato 33,Gelato 33,gelato #33|gelato33|larry bird|gelato 33 larry bird,hybrid,Sunset Sherbet x Thin Mint GSC,caryophyllene,sweet|creamy|citrus|berry,sweet|creamy|berry,caryophyllene|limonene|linalool,thc,typically high THC,dense,United States,The famous Gelato #33 cut: dessert-sweet and creamy with citrus and berry.,leafly|wikileaf,0.88
mochi,Mochi,mochi gelato|gelato 47|gelato #47,hybrid,Sunset Sherbet x Thin Mint GSC,caryophyllene,sweet|mint|fruity|creamy,sweet|mint|creamy,caryophyllene|limonene|linalool,thc,typically high THC,dense,United States,A Gelato-family cut (a.k.a. Mochi Gelato / Gelato 47) with sweet mint and fruit.,leafly|seedfinder,0.8
wedding crasher,Wedding Crasher,,hybrid,Wedding Cake x Purple Punch,caryophyllene,grape|sweet|vanilla|earthy,grape|sweet|vanilla,caryophyllene|limonene|linalool,thc,typically high THC,dense,United States,"A sweet, grape-and-vanilla hybrid pairing Wedding Cake with Purple Punch.",leafly|wikileaf,0.85
cereal milk,Cereal Milk,cereal milk cookies,hybrid,Y Life (GSC x Cherry Pie) x Snowman,limonene,sweet|creamy|fruity|milky,sweet|creamy|fruity,limonene|caryophyllene|linalool,thc,typically high THC,dense,United States,"A creamy, sweet Cookies-family cut reminiscent of sugary cereal milk.",leafly|seedfinder,0.8
jealousy,Jealousy,,hybrid,Gelato 41 x Sherbet Bx1,caryophyllene,sweet|creamy|fruity|earthy,sweet|creamy|fruity,caryophyllene|limonene|linalool,thc,typically very high THC,dense,United States,"A sweet, creamy, fruity modern Cookies/Gelato cut with a gassy finish.",leafly|seedfinder,0.8
animal mints,Animal Mints,animal mint,hybrid,Animal Cookies x SinMint Cookies,caryophyllene,mint|cookie|earthy|sweet,mint|cookie|earthy,caryophyllene|limonene|humulene,thc,typically very high THC,frosty,United States,"A minty, cookie-sweet hybrid with dense, frosty buds.",leafly|seedfinder,0.82
white runtz,White Runtz,white runts,hybrid,Gelato x Zkittlez,limonene,sweet|candy|fruity|creamy,sweet|candy|fruity,limonene|caryophyllene|linalool,thc,typically very high THC,frosty,United States,"A frosty, candy-sweet Runtz phenotype with fruity, creamy notes.",leafly|wikileaf,0.82
pink runtz,Pink Runtz,pink runts,hybrid,Runtz phenotype,limonene,sweet|candy|fruity|berry,sweet|candy|berry,limonene|caryophyllene|linalool,thc,typically high THC,dense,United States,"A candy-sweet, fruity-berry Runtz phenotype.",leafly|seedfinder,0.8
lemon cherry gelato,Lemon Cherry Gelato,lcg|lemon cherry|lemon cherry gelato 41,hybrid,Sunset Sherbet x GSC x undisclosed,limonene,lemon|cherry|sweet|creamy,lemon|cherry|creamy,limonene|caryophyllene|linalool,thc,typically very high THC,dense,United States,A citrus-and-cherry Gelato-family cut with creamy sweetness; lineage partly undisclosed.,leafly|seedfinder,0.78
mendocino purps,Mendocino Purps,mendo purps|the purps,indica,California cut (clone-only),myrcene,grape|earthy|sweet|coffee,grape|earthy|sweet,myrcene|caryophyllene|pinene,thc,typically high THC,dense,"California, United States",A foundational purple cut behind many West Coast grape strains.,leafly|seedfinder,0.8
amnesia haze,Amnesia Haze,amnesia,sativa,Haze x Afghani/Hawaiian lineage,terpinolene,citrus|lemon|earthy|spicy,citrus|lemon|earthy,terpinolene|limonene|caryophyllene,thc,typically high THC,fluffy,Netherlands,"A bright, citrus-lemon haze with earthy spice; a coffeeshop classic.",leafly|wikileaf,0.85
cinex,Cinex,cinex sativa,sativa,Cinderella 99 x Vortex,terpinolene,citrus|floral|sweet|earthy,citrus|floral|sweet,terpinolene|limonene|ocimene,thc,typically high THC,dense,United States,A bright citrus-floral sativa crossing Cinderella 99 and Vortex.,leafly|seedfinder,0.8
cinderella 99,Cinderella 99,cindy 99|c99|cinderella|cindy,sativa,Jack Herer x Shiva Skunk,limonene,pineapple|citrus|sweet|tropical,pineapple|citrus|sweet,limonene|caryophyllene|ocimene,thc,typically high THC,dense,United States,"A tropical, pineapple-citrus sativa (a.k.a. Cindy 99 / C99).",leafly|wikileaf,0.82
agent orange,Agent Orange,,hybrid,Orange Velvet x Jack the Ripper,terpinolene,orange|citrus|sweet|earthy,orange|citrus|sweet,terpinolene|limonene|myrcene,thc,typically high THC,dense,United States,A citrus-orange hybrid with sweet and earthy notes.,leafly|seedfinder,0.8
ghost train haze,Ghost Train Haze,gth|ghost train,sativa,Ghost OG x Neville's Wreck,terpinolene,citrus|floral|pine|sour,citrus|floral|sour,terpinolene|limonene|caryophyllene,thc,typically very high THC,frosty,United States,A potent citrus-floral haze with sour-pine notes and heavy resin.,leafly|wikileaf,0.82
mango kush,Mango Kush,mango kush indica,indica,Mango x Hindu Kush,myrcene,mango|tropical|sweet|earthy,mango|tropical|sweet,myrcene|caryophyllene|pinene,thc,typically high THC,dense,United States,A tropical indica with sweet mango over an earthy-kush base.,leafly|wikileaf,0.82
papaya,Papaya,papaya kush|wifi papaya,indica,Citral #13 x Ice #2,myrcene,papaya|tropical|sweet|mango,papaya|tropical|sweet,myrcene|caryophyllene|pinene,thc,typically high THC,dense,United States,A tropical indica with sweet papaya and mango notes.,leafly|seedfinder,0.8
clementine,Clementine,,sativa,Tangie x Lemon Skunk,terpinolene,orange|citrus|sweet|earthy,orange|citrus|sweet,terpinolene|limonene|myrcene,thc,typically high THC,dense,United States,"A bright orange-citrus sativa with sweet, earthy undertones.",leafly|wikileaf,0.82
orange cookies,Orange Cookies,,hybrid,Orange Juice x Girl Scout Cookies,limonene,orange|citrus|sweet|cookie,orange|citrus|sweet,limonene|caryophyllene|humulene,thc,typically high THC,dense,United States,A sweet orange-citrus Cookies cross.,leafly|seedfinder,0.8
pineapple chunk,Pineapple Chunk,,indica,Pineapple x Skunk #1 x Cheese,myrcene,pineapple|cheese|earthy|sweet,pineapple|cheese|earthy,myrcene|caryophyllene|pinene,thc,typically high THC,dense,United States,A pineapple-and-cheese indica with an earthy backbone.,leafly|seedfinder,0.78
tahoe og,Tahoe OG,tahoe og kush,hybrid,OG Kush phenotype,myrcene,lemon|earthy|pine|fuel,lemon|earthy|fuel,myrcene|limonene|caryophyllene,thc,typically high THC,dense,"California, United States","A heavy OG Kush cut with lemon, earthy-pine, and fuel notes.",leafly|wikileaf,0.82
ghost og,Ghost OG,,hybrid,OG Kush phenotype,limonene,lemon|pine|earthy|fuel,lemon|pine|earthy,limonene|myrcene|caryophyllene,thc,typically high THC,dense,United States,"A bright, lemony OG Kush cut behind Ghost Train Haze.",leafly|seedfinder,0.8
skywalker og,Skywalker OG,skywalker og kush,indica,Skywalker x OG Kush,myrcene,earthy|pine|fuel|spicy,earthy|pine|fuel,myrcene|limonene|caryophyllene,thc,typically very high THC,dense,United States,"A heavy, earthy-fuel OG indica with peppery spice.",leafly|wikileaf,0.85
death star,Death Star,deathstar,indica,Sensi Star x Sour Diesel,caryophyllene,diesel|earthy|skunky|sweet,diesel|earthy|sweet,caryophyllene|myrcene|limonene,thc,typically high THC,dense,"Ohio, United States",A diesel-and-earth indica crossing Sensi Star with Sour Diesel.,leafly|wikileaf,0.82
cookies and cream,Cookies and Cream,cookies n cream|cookies & cream,hybrid,Starfighter x GSC phenotype,caryophyllene,sweet|vanilla|nutty|earthy,vanilla|sweet|nutty,caryophyllene|limonene|humulene,thc,typically high THC,dense,United States,"A sweet, vanilla-and-nutty Cookies hybrid.",leafly|wikileaf,0.82
banana og,Banana OG,,indica,Banana x OG Kush,limonene,banana|sweet|earthy|tropical,banana|sweet|earthy,limonene|myrcene|caryophyllene,thc,typically very high THC,dense,United States,A sweet banana-and-earth OG indica.,leafly|wikileaf,0.8
nyc diesel,NYC Diesel,nyc d|new york city diesel|nyc sour diesel,sativa,Mexican x Afghani (Soma cut),myrcene,diesel|lime|grapefruit|earthy,diesel|grapefruit|lime,myrcene|limonene|caryophyllene,thc,typically high THC,dense,"New York, United States",A citrus-forward diesel sativa with grapefruit and lime over a fuel base.,leafly|wikileaf,0.82
chemdawg 91,Chemdawg 91,chem 91|chemdog 91|chemdawg 91,hybrid,Chemdog phenotype,caryophyllene,diesel|pungent|earthy|pine,diesel|earthy|pine,caryophyllene|myrcene|limonene,thc,typically very high THC,dense,United States,"A loud, diesel Chemdog cut (a.k.a. Chem 91).",leafly|seedfinder,0.8
jet fuel,Jet Fuel,g6|jet fuel g6,sativa,Aspen OG x High Country Diesel,caryophyllene,diesel|pungent|earthy|sweet,diesel|earthy|sweet,caryophyllene|myrcene|limonene,thc,typically high THC,dense,United States,"A gassy, diesel-forward sativa (a.k.a. G6).",leafly|wikileaf,0.8
skunk #1,Skunk #1,skunk no 1|skunk 1|skunk one,hybrid,Afghani x Acapulco Gold x Colombian Gold,myrcene,skunky|earthy|sweet|pungent,skunk|earthy|sweet,myrcene|caryophyllene|pinene,thc,typically high THC,dense,Netherlands,The foundational Skunk hybrid behind countless modern strains.,leafly|wikileaf,0.85
jack the ripper,Jack the Ripper,jtr,sativa,Jack's Cleaner x Space Queen,terpinolene,lemon|citrus|spicy|earthy,lemon|citrus|spice,terpinolene|limonene|ocimene,thc,typically high THC,dense,United States,"A lemony, spicy sativa from TGA with bright citrus.",leafly|seedfinder,0.8
jack flash,Jack Flash,jack flash sativa,sativa,Jack Herer x Super Skunk x Haze,terpinolene,citrus|spicy|earthy|sweet,citrus|spice|earthy,terpinolene|myrcene|caryophyllene,thc,typically high THC,fluffy,Netherlands,A spicy-citrus sativa in the Jack Herer family.,leafly|seedfinder,0.78
wedding pie,Wedding Pie,,hybrid,Wedding Cake x Grape Pie,caryophyllene,grape|sweet|earthy|spice,grape|sweet|earthy,caryophyllene|limonene|myrcene,thc,typically high THC,dense,United States,"A grape-sweet, earthy hybrid pairing Wedding Cake with Grape Pie.",leafly|seedfinder,0.78
birthday cake,Birthday Cake,birthday cake kush|bday cake,hybrid,GSC x Cherry Pie,caryophyllene,sweet|vanilla|cookie|earthy,vanilla|sweet|cookie,caryophyllene|limonene|linalool,thc,typically high THC,dense,United States,A sweet vanilla-cake Cookies cross (a.k.a. Birthday Cake Kush).,leafly|wikileaf,0.8
london pound cake,London Pound Cake,london pound cake 75|lpc,indica,Sunset Sherbet x undisclosed,caryophyllene,berry|grape|sweet|citrus,berry|grape|sweet,caryophyllene|limonene|linalool,thc,typically high THC,dense,United States,A berry-and-grape Cookies cut with sweet citrus; partial undisclosed lineage.,leafly|seedfinder,0.76
oreoz,Oreoz,oreo cookies|oreoz cookies|oreos,hybrid,Cookies and Cream x Secret Weapon,caryophyllene,chocolate|diesel|sweet|earthy,chocolate|diesel|sweet,caryophyllene|limonene|humulene,thc,typically very high THC,frosty,United States,A chocolate-and-diesel hybrid with heavy frost (a.k.a. Oreo Cookies).,leafly|seedfinder,0.8
sundae driver,Sundae Driver,sunday driver,hybrid,Fruity Pebbles OG x Grape Pie,caryophyllene,sweet|creamy|grape|chocolate,sweet|creamy|grape,caryophyllene|limonene|linalool,thc,typically high THC,dense,United States,"A creamy, grape-and-chocolate dessert hybrid.",leafly|wikileaf,0.82
critical kush,Critical Kush,critical kush indica,indica,Critical Mass x OG Kush,myrcene,earthy|spicy|sweet|pine,earthy|spice|sweet,myrcene|caryophyllene|limonene,thc,typically high THC,dense,Netherlands,"An earthy-spicy kush indica with heavy, dense buds.",leafly|seedfinder,0.8
god's gift,God's Gift,gods gift,indica,Granddaddy Purple x OG Kush,myrcene,grape|berry|citrus|earthy,grape|berry|citrus,myrcene|caryophyllene|limonene,thc,typically high THC,dense,"California, United States",A grape-and-berry indica with citrus over an earthy base.,leafly|wikileaf,0.82
bubble gum,Bubble Gum,bubblegum|bubba gum|indiana bubblegum,hybrid,Indiana Bubblegum lineage,myrcene,bubblegum|sweet|berry|fruity,bubblegum|sweet|berry,myrcene|caryophyllene|limonene,thc,typically high THC,dense,"Indiana, United States","A sweet, true-to-name bubblegum hybrid.",leafly|wikileaf,0.8
larry og,Larry OG,lemon larry|lemon larry og|larry og kush,hybrid,OG Kush phenotype (Orange County),limonene,lemon|citrus|pine|earthy,lemon|citrus|pine,limonene|myrcene|caryophyllene,thc,typically high THC,dense,"California, United States","A bright, lemon-citrus OG cut (a.k.a. Lemon Larry OG).",leafly|wikileaf,0.8
gary payton,Gary Payton,gp|gary payton cookies,hybrid,The Y x Snowman,caryophyllene,earthy|diesel|sweet|herbal,earthy|diesel|sweet,caryophyllene|limonene|humulene,thc,typically very high THC,frosty,United States,A Cookies-collab hybrid with earthy-diesel and sweet-herbal notes.,leafly|seedfinder,0.78
sour og,Sour OG,sour og kush,hybrid,Sour Diesel x OG Kush,caryophyllene,diesel|lemon|earthy|pine,diesel|lemon|earthy,caryophyllene|limonene|myrcene,thc,typically high THC,dense,United States,A diesel-and-lemon hybrid pairing Sour Diesel with OG Kush.,leafly|seedfinder,0.8
tangerine dream,Tangerine Dream,tangerine dream sativa,hybrid,G13 x Afghani x Neville's Haze,limonene,tangerine|citrus|sweet|earthy,tangerine|citrus|sweet,limonene|myrcene|caryophyllene,thc,typically high THC,dense,Netherlands,A sweet tangerine-citrus hybrid from Barney's Farm.,leafly|wikileaf,0.8
sensi star,Sensi Star,,indica,Afghani lineage,myrcene,earthy|citrus|metallic|sweet,earthy|citrus|sweet,myrcene|caryophyllene|limonene,thc,typically high THC,dense,Netherlands,"A potent, frosty indica with earthy-citrus notes; multiple Cup wins.",leafly|wikileaf,0.8
hash plant,Hash Plant,hashplant,indica,Northern Lights #1 x Afghani,myrcene,earthy|hash|spicy|sweet,earthy|hash|spice,myrcene|caryophyllene|pinene,thc,typically high THC,dense,Netherlands,"A resinous, hash-forward indica with earthy spice.",leafly|seedfinder,0.78
g13,G13,g-13|g 13,indica,clone-only (origin disputed),myrcene,earthy|pine|sweet|fruity,earthy|pine|sweet,myrcene|caryophyllene|limonene,thc,typically high THC,dense,United States,"A legendary, mythologized indica cut with earthy-pine and sweet notes.",leafly|wikileaf,0.72
headcheese,Headcheese,head cheese,hybrid,Headband x 707 Truthband,caryophyllene,cheese|diesel|earthy|sour,cheese|diesel|sour,caryophyllene|myrcene|limonene,thc,typically high THC,dense,United States,A funky cheese-and-diesel hybrid.,leafly|seedfinder,0.74
lemon og,Lemon OG,lemon og kush,hybrid,Las Vegas Lemon Skunk x The OG #18,limonene,lemon|citrus|earthy|fuel,lemon|citrus|fuel,limonene|myrcene|caryophyllene,thc,typically high THC,dense,United States,"A lemony, fuel-tinged OG hybrid.",leafly|seedfinder,0.76
pineapple,Pineapple,pineapple og,sativa,Ed Rosenthal Super Bud phenotype,myrcene,pineapple|tropical|sweet|citrus,pineapple|tropical|sweet,myrcene|limonene|pinene,thc,typically high THC,dense,United States,A tropical pineapple-forward sativa-leaning phenotype.,leafly|seedfinder,0.75
remedy,Remedy,the remedy,indica,Cannatonic x Afghan Skunk,myrcene,earthy|floral|pine|sweet,earthy|floral|sweet,myrcene|pinene|caryophyllene,cbd,high-CBD / very low THC,dense,United States,"A high-CBD, very-low-THC indica with earthy-floral, piney notes.",leafly|seedfinder,0.8
sweet and sour widow,Sweet and Sour Widow,sweet & sour widow,hybrid,high-CBD White Widow line,myrcene,earthy|sweet|sour|skunky,earthy|sweet|sour,myrcene|caryophyllene|pinene,balanced,balanced CBD:THC,dense,United States,A roughly balanced CBD:THC White Widow line with sweet-and-sour notes.,leafly|seedfinder,0.74
valentine x,Valentine X,valentinex|valentine,hybrid,ACDC phenotype,myrcene,earthy|sweet|herbal|pine,earthy|sweet|herbal,myrcene|pinene|caryophyllene,cbd,very high CBD (often ~25:1 CBD:THC),fluffy,United States,"An ACDC-derived, very-high-CBD cultivar with earthy-herbal notes.",leafly|seedfinder,0.78
suzy q,Suzy Q,suzy-q|suzyq,hybrid,high-CBD line,myrcene,earthy|herbal|sweet|woody,earthy|herbal|sweet,myrcene|pinene|caryophyllene,cbd,very high CBD / very low THC,fluffy,United States,"A very-high-CBD, very-low-THC cultivar with earthy-herbal notes.",leafly|seedfinder,0.74
critical mass cbd,Critical Mass CBD,critical cbd|critical mass cbd 1:1,indica,Critical Mass x high-CBD line,myrcene,earthy|sweet|skunky|citrus,earthy|sweet|citrus,myrcene|caryophyllene|limonene,balanced,balanced-to-high CBD,dense,Spain,A CBD-rich Critical Mass selection with earthy-sweet notes.,leafly|seedfinder,0.74
